-4.161241321926286152e-01,-3.586143467674749452e-01,-3.596699665717704719e-01,-1.850006119545187511e-01,6.446711651510586560e-02
-4.167859379994419133e-01,-3.565811068271159678e-01,-3.576977827246680675e-01,-1.471887295233173798e-01,2.079020830703956491e-02
-4.270579333958985924e-01,-3.149587551260687457e-01,-3.162404676162908768e-01,7.069860746913517180e-02,4.524927690355667886e-02
-4.365264013537437093e-01,-2.180982294940422839e-01,-2.191901053475122374e-01,1.936143220615011984e-01,-1.074451941918431047e-01
-4.224864702145909034e-01,-9.629707009171223353e-02,-9.697699590433309091e-02,2.253735326039073561e-01,1.172288216304499253e-01
-3.584690201502183649e-01,-2.329490386517858377e-02,-2.365556522018001651e-02,-1.725157131431667157e-01,9.207092250260376365e-02
-2.520160757161158949e-01,-5.491417842882614225e-02,-5.540208788568798393e-02,-2.781997679472517082e-01,7.250366762539006693e-02
-1.735168768027737785e-01,-2.124331643408204282e-02,-2.112550403945904001e-02,1.737648799702346536e-01,-4.909284482586653842e-02
-1.090934377092875884e-01,1.292203344352964578e-01,1.279422921341451802e-01,4.713771002801319665e-01,-1.713881878084521637e-01
1.023414068502105471e-02,2.519665950856504466e-01,2.516363692268195340e-01,1.557894430257846796e-01,7.809431187602253188e-02
2.172284145557100143e-01,1.605499803242035062e-01,1.607161455832306629e-01,-6.714975441135834222e-01,-7.774489661035802190e-02
4.487064098011600555e-01,-1.772452715566575909e-01,-1.778128917788262264e-01,-9.806087730001324942e-01,8.892618511162300732e-02
6.093854630233398462e-01,-6.435440756593124867e-01,-6.449301029095516613e-01,-9.500472771840285935e-01,1.063969483948495054e-01
5.961671423045088458e-01,-1.014155115697584097e+00,-1.016739241598824783e+00,-6.861816822980411346e-02,3.476681893362076892e-02
2.567618070837722755e-01,-5.052494667036782072e-01,-5.022216614430790038e-01,1.691673685636672753e+00,-1.500738566029158338e-01
-2.905410140492472593e-01,1.562749827635782074e+00,1.564422833191511097e+00,2.830735884095496591e+00,-9.608919805774579492e-03
2.559819989824753741e-02,2.948528460348128988e+00,2.932464876337664617e+00,-6.305867215939959802e-01,3.511623419928530665e-02
1.323208508162547314e+00,1.701203819270012962e+00,1.733812294106665375e+00,-4.117007925531410706e+00,-3.616447999627889209e-02
2.641241147988313109e+00,-1.725616021194553484e+00,-1.684083610792135532e+00,-3.668704837634145122e+00,-6.481653178077040334e-02
2.150444200460384536e+00,-1.814813101513136351e+00,-1.829419467525584375e+00,5.608980902457714190e-01,7.180483709406099146e-02
1.227924419888312801e+00,1.590928355734043398e-01,1.685917444885245975e-01,2.339866204321219278e+00,-4.717106086471162252e-03
9.866766690145712948e-01,2.008444606564633528e+00,2.005542978015605549e+00,7.107825799012291723e-01,1.799488618172331855e-02
-4.161241321926286152e-01,-3.586143467674749452e-01,-3.596699665717704719e-01,-1.850006119545187511e-01,-1.137346689738046590e-01
-4.284655429120357573e-01,-3.154669236276265720e-01,-3.170300369292929910e-01,1.614775152302862227e-01,3.511623419928530665e-02
-4.377024009950819528e-01,-2.119207753626294044e-01,-2.129438323560116919e-01,3.710984967033288673e-02,1.221206353497533981e-01
-3.984984602786855734e-01,-1.873364989975437878e-01,-1.880598398851145714e-01,-1.498618287220868928e-01,6.202120965545412923e-02
-3.647354369057886903e-01,-1.260338390255229812e-01,-1.267754164731959565e-01,2.521283138457790507e-01,1.310307246241987356e-02
-3.393976857519565571e-01,5.820485649738012940e-02,5.803206897951070781e-02,5.587734360653614507e-01,1.207229742870952471e-01
-2.641093029408887460e-01,2.742970683290190115e-01,2.748567945878589436e-01,5.077976071848440132e-01,-1.493750260715867584e-01
-1.279288106875994535e-01,4.951264210091535500e-01,4.965815067618288836e-01,6.497188908705958665e-01,9.696273622190718089e-02
7.521321196976821222e-02,7.214647409147976198e-01,7.208608067236076389e-01,4.705591730227944858e-01,1.455314581492768988e-01
3.692251804269487958e-01,8.368344741732414160e-01,8.369603253895103734e-01,3.206289198156505593e-01,-1.343501696480119412e-01
6.904265991629165988e-01,9.648427507129483383e-01,9.653109083543027769e-01,7.163478622796666251e-01,1.664963740891487187e-01
1.049555592335975396e+00,1.112249887814119598e+00,1.109322142249367538e+00,5.751946686176272472e-01,8.927560037728751730e-02
1.507444480978809009e+00,1.027812394748778502e+00,1.025476203091094218e+00,1.201893174866069530e-01,7.320249815671911464e-02
1.924007686514022097e+00,9.394265806776830319e-01,9.379234364784269085e-01,7.741721697558164861e-01,1.214218048184243226e-01
2.115269669435632771e+00,1.651394094200664187e+00,1.664326088848664620e+00,2.157401852007574838e+00,-2.393494569802034899e-02
-4.161241321926286152e-01,-3.586143467674749452e-01,-3.596699665717704719e-01,-1.850006119545187511e-01,1.224700506154179080e-01
-3.947412037026601372e-01,-4.319115626345919612e-01,-4.319487240209058942e-01,-8.630184991430864816e-01,-1.399408138986444339e-01
-3.436080401670552620e-01,-7.409991247315891316e-01,-7.411796992940550277e-01,-1.445049535117437278e+00,1.692916962144649651e-01
-3.699106095889504453e-01,-1.128443894300118933e+00,-1.129473868301879680e+00,-1.503191073376274112e+00,-1.126864231768110736e-01
-5.231598783808771858e-01,-1.473372808682639201e+00,-1.475499263738012212e+00,-1.087744805098607381e+00,8.927560037728751730e-02
-8.081357760842763360e-01,-1.677943302934375103e+00,-1.680673615044999014e+00,-7.467625230591771190e-01,1.039510415351977690e-01
-1.168488747138120232e+00,-1.811482317820590549e+00,-1.814263109454720801e+00,-4.457846463211885824e-01,5.573173487349258881e-02
-1.602108178934317673e+00,-1.801022027095154687e+00,-1.803435785941039704e+00,1.569436594874664415e-01,-1.231688811467469835e-01
-2.059054481414431148e+00,-1.656245698566852775e+00,-1.657590360156337317e+00,4.254396088601424819e-01,1.434349665552897279e-01
-2.455270772683481706e+00,-1.569055424373808183e+00,-1.571586598752955366e+00,-3.213312198788002144e-02,-2.673026782333659535e-02
-2.789283186941018844e+00,-1.653287261543718856e+00,-1.655801492553153897e+00,-2.889459226651825974e-01,-7.390132868804819011e-02
-3.134405613730052220e+00,-1.803313532282584841e+00,-1.805499268077770836e+00,-2.905898917528297876e-01,1.612551451041807915e-01
-4.161241321926286152e-01,-3.586143467674749452e-01,-3.596699665717704719e-01,-1.850006119545187511e-01,6.900951496874474511e-02
-4.180260862294114532e-01,-3.519451887748996644e-01,-3.530908495134825742e-01,-1.247037771415115820e-01,4.874342956020200068e-02
-4.279110886513281531e-01,-3.056883902144595377e-01,-3.069759321576874256e-01,9.110624952434409618e-02,1.554897932207160993e-02
-4.388921100896430727e-01,-1.920650656711945514e-01,-1.931775232705482959e-01,2.767785811005953334e-01,1.519956405640707220e-02
-4.200698421025869655e-01,-5.480094336355681439e-02,-5.541086014879134658e-02,2.499068514102159300e-01,7.494957448504177555e-02
-3.557094233353327306e-01,6.085438773494578069e-02,6.067269080346887611e-02,1.783616554918816544e-01,-8.927560037728753117e-02
-2.604040855709165991e-01,1.836761349261210596e-01,1.839917591300356536e-01,2.845746022830639155e-01,-1.217712200840888603e-01
-1.229049595696828923e-01,2.934042442651222937e-01,2.937848579678148941e-01,-3.139907931078173703e-02,6.132237912412508152e-02
9.021580410497002933e-02,2.240007282014798151e-01,2.248158619092588684e-01,-7.278195603254643542e-01,3.668860289477576808e-03
3.139394316123658712e-01,-7.550072182791107457e-03,-7.524255321318581644e-03,-7.882855830467524472e-01,-1.415131825941348676e-02
4.622241593440371554e-01,-2.167228645698777434e-01,-2.174209807065517752e-01,-4.824578934422731891e-01,1.336513391166828935e-01
5.458520541317019026e-01,-4.035025155382864770e-01,-4.046691194673971426e-01,-2.943151959411358098e-01,-1.105899315828238888e-01
5.813510040470892815e-01,-6.176102901729509931e-01,-6.196557361490514504e-01,9.799723456137134081e-02,-1.647492977608260856e-01
5.158281061114264876e-01,-7.030964255766040116e-01,-7.058325505629952090e-01,5.270687694179757576e-01,1.056981178635204299e-01
2.886285670861576391e-01,-2.366170973902889663e-01,-2.366946549568060554e-01,7.809886281153726184e-01,-1.298077711943730617e-01
-9.545417107622666819e-02,1.460656374310863814e+00,1.458255216708264301e+00,1.503032633826784537e+00,-1.298077711943730617e-01
2.554107386643152955e-01,2.524856109030412910e+00,2.516427148436550798e+00,-1.371323264235640327e+00,1.511221023999093915e-01
-4.161241321926286152e-01,-3.586143467674749452e-01,-3.596699665717704719e-01,-1.850006119545187511e-01,1.402902291643089716e-01
-4.367106187942948470e-01,-2.875602747820247274e-01,-2.895679164410830952e-01,4.519966644052811344e-01,1.764547091605878082e-02
-4.892350507898454715e-01,1.996216920888995230e-02,1.790488070720755442e-02,1.166150490365260195e+00,-4.018275555142114541e-03
-4.669160506735647309e-01,4.258855111211048428e-01,4.248777038600098366e-01,1.066496722794546548e+00,8.962501564295202727e-02
-2.986737929392377922e-01,7.247978314199639005e-01,7.249158245946480950e-01,5.895732145601746410e-01,-7.914255767301614508e-02
-2.500652653824695509e-02,9.309234739595977359e-01,9.316119894858537753e-01,4.762607155128971703e-01,-5.747881120181526360e-02
3.205403377950066246e-01,1.092637450076641814e+00,1.093444833022185314e+00,1.668196186213199705e-01,-3.895980212159513845e-02
7.434495269987568822e-01,1.124357510858491782e+00,1.124561451366348441e+00,-3.128657338953016454e-01,4.105629371558230933e-02
1.202743401974516013e+00,1.029556859482459785e+00,1.029333923536001061e+00,-5.647852964322673808e-01,-1.598574840415226683e-01
1.640247092878959867e+00,8.936606294599841460e-01,8.942423047356572452e-01,-4.174405736711076509e-01,-2.009137777571051720e-02
2.046882595512786285e+00,7.314373242746255999e-01,7.320063465084964971e-01,-6.371134834432959915e-01,1.519956405640707220e-02
-4.161241321926286152e-01,-3.586143467674749452e-01,-3.596699665717704719e-01,-1.850006119545187511e-01,1.698003021159100734e-01
-4.318838513883287988e-01,-3.050077750384489472e-01,-3.068545805958768913e-01,3.380956945978349504e-01,1.453937404051046101e-01
-4.850858679695719267e-01,-2.145856648779687070e-02,-2.359170062041033092e-02,1.176572728581524618e+00,-1.328447561002388949e-02
-4.941756505081952855e-01,4.547523642123031395e-01,4.531576118631633343e-01,1.564705467789690996e+00,-2.597068808313132693e-01
-3.573452289642410351e-01,9.322462540871385706e-01,9.317361822345942013e-01,1.127751709482921694e+00,-5.319107726049061569e-01
-1.506303513201951577e-02,1.145195993048157446e+00,1.145288829733212221e+00,-2.471114280873830116e-01,-7.533586511251998408e-01
5.181749317877945016e-01,8.074871703845862836e-01,8.105463269461852249e-01,-2.589493104604339901e+00,-8.594067732372703272e-01
1.133372469444168029e+00,-3.286407705635391308e-01,-3.335392229544192899e-01,-5.467006116610903632e+00,-9.302064244886175670e-01
1.585312443021945183e+00,-2.258791485221327111e+00,-2.256089790595892097e+00,-7.695341540145479442e+00,-9.410130272514793948e-01
-4.161241321926286152e-01,-3.586143467674749452e-01,-3.596699665717704719e-01,-1.850006119545187511e-01,-1.190486750301583511e-02
-3.919853932859875267e-01,-4.378025407785793854e-01,-4.373774948725683287e-01,-1.136644493422622304e+00,1.321750353739475081e-01
-2.537753329817676873e-01,-1.084236420458893901e+00,-1.081416612729798166e+00,-3.607441936170518559e+00,1.913926357793941380e-01
-1.937009351523718004e-01,-2.293796428211039462e+00,-2.300744031953728896e+00,-4.522658642144293140e+00,1.934047177829238129e-01
-5.188083006026737998e-01,-3.445021300502879136e+00,-3.439852615040730033e+00,-3.313817362259152688e+00,5.741951903840127880e-01
-1.303505290304920017e+00,-4.061969471369232032e+00,-4.042338574471240342e+00,-1.138847663078548900e+00,8.751007315031889000e-01
-4.161241321926286152e-01,-3.586143467674749452e-01,-3.596699665717704719e-01,-1.850006119545187511e-01,-3.160391925225418119e-01
-4.409254586615124483e-01,-2.761282514468433313e-01,-2.786174065023496738e-01,7.433418414967587484e-01,-2.119397930130284824e-01
-5.792668531252669339e-01,3.686298838542672041e-01,3.633688977601765013e-01,3.449258010402026287e+00,-9.709817778050944259e-02
-6.942458093756530557e-01,1.794514450953053064e+00,1.797450172592766959e+00,5.435468099464776159e+00,-4.037262520403610555e-01
-4.161241321926286152e-01,-3.586143467674749452e-01,-3.596699665717704719e-01,-1.850006119545187511e-01,-3.912601436972333591e-02
-3.877070644275215638e-01,-4.556861252584560873e-01,-4.553461613715059642e-01,-1.108525307274976557e+00,-1.118788676979305396e-01
-3.069441682022257534e-01,-9.132254995939240727e-01,-9.125634858126973059e-01,-2.192004138356654863e+00,-2.024902093654762092e-01
-3.303248212355295865e-01,-1.541819883727788554e+00,-1.541552792593747556e+00,-2.325957127065038321e+00,-2.176307697582092748e-01
-5.354393645041670702e-01,-2.185815041972998696e+00,-2.185020735121161906e+00,-2.431243350060646513e+00,-2.450679004796099680e-01
-9.138503227589772626e-01,-2.895724167102540658e+00,-2.892465671913696301e+00,-2.751352258715733967e+00,-3.433589450244023400e-01
-1.475907101376972230e+00,-3.715451195765487213e+00,-3.695820502904933580e+00,-3.172530879691197736e+00,-4.832876664878821837e-01
-4.161241321926286152e-01,-3.586143467674749452e-01,-3.596699665717704719e-01,-1.850006119545187511e-01,1.147752017499861638e-01
-3.917920620907592855e-01,-4.398349050179034547e-01,-4.395327201478966828e-01,-1.068179187449148637e+00,2.853565247975596575e-02
-2.875916983087002388e-01,-9.622765956577190583e-01,-9.608500036538143441e-01,-2.730293469198945999e+00,-2.220087640333659185e-01
-2.821220508544390326e-01,-1.785205339687506942e+00,-1.783197883648495852e+00,-2.920736967676941465e+00,-2.514669346906770464e-01
-5.375497447123155359e-01,-2.540309935848298561e+00,-2.536970480823663721e+00,-2.615786749928087129e+00,1.464881895888521524e-01
-1.012611898754539386e+00,-3.287000809775264987e+00,-3.279953259267287979e+00,-2.824993249871013745e+00,5.731329784688531381e-01
-1.705684552120038111e+00,-4.052844530750721930e+00,-4.030705527298130697e+00,-2.512589832083135910e+00,8.616371041164458955e-01
-4.161241321926286152e-01,-3.586143467674749452e-01,-3.596699665717704719e-01,-1.850006119545187511e-01,1.202624286216630450e-01
-4.479580184343586180e-01,-2.516083983708624627e-01,-2.544210232451549758e-01,9.581080065150898717e-01,1.852090959243387625e-01
-5.992280530479008327e-01,4.832459773293165672e-01,4.774508346053087382e-01,3.659008634450486852e+00,4.029184017830615971e-01
-6.603635383997314978e-01,1.847816896475005022e+00,1.849980063872871616e+00,4.804542096274295737e+00,6.460529016813701952e-01
-4.161241321926286152e-01,-3.586143467674749452e-01,-3.596699665717704719e-01,-1.850006119545187511e-01,7.361822445178571594e-02
-4.418961349611432721e-01,-2.727263719160254452e-01,-2.752581959864252026e-01,7.719352851465176579e-01,9.836058606449608888e-02
-5.838606533542259891e-01,3.917808105840832611e-01,3.864302277156119736e-01,3.484785574500244287e+00,2.248110201358727578e-01
-6.778646530121319458e-01,1.768253867424338877e+00,1.771424619691591484e+00,5.028101602599647890e+00,5.073643221172030593e-01
-4.161241321926286152e-01,-3.586143467674749452e-01,-3.596699665717704719e-01,-1.850006119545187511e-01,1.313753553385368228e-02
-4.472840775719030826e-01,-2.542072679952034897e-01,-2.569972025415168670e-01,9.420772114489419646e-01,-3.199190126295389791e-01
-5.879051371284882421e-01,4.398075566804438563e-01,4.346504329485249563e-01,3.321398155429063692e+00,-8.424479507637577802e-01
-6.204654611146761534e-01,1.631879185850505953e+00,1.636069044597389777e+00,3.942549100364864501e+00,-8.387801384368869240e-01
-2.563479390613786491e-01,2.685718302640214716e+00,2.679259911271999250e+00,2.513221013987889219e+00,-5.237212408419142928e-01
5.545663036421083492e-01,3.135865204470311252e+00,3.116566494437156276e+00,-1.250033280622671675e-02,1.287612737155310882e-01
-4.161241321926286152e-01,-3.586143467674749452e-01,-3.596699665717704719e-01,-1.850006119545187511e-01,1.297583818821894212e-02
-4.277723239248509279e-01,-3.174674684417551629e-01,-3.189882901765533907e-01,1.345942946243168514e-01,-5.438954088557199085e-03
-4.434609630511976985e-01,-1.958201837797745870e-01,-1.970796865099592177e-01,2.510626092179878421e-01,-1.481354907163660861e-02
-4.182104832405956207e-01,-8.777861770197169233e-02,-8.850263548402236002e-02,7.865087683994519130e-02,-9.593318164630227837e-03
-3.471564232916294346e-01,-4.187113502725011566e-02,-4.228991783491912321e-02,-1.312145387069963975e-01,-1.514713996597246782e-03
-2.526480275473943493e-01,-4.442044937882313332e-02,-4.483026925621919762e-02,-2.369426271572193099e-01,2.131061994717948702e-03
-1.562775393215073971e-01,-6.217129301411328246e-02,-6.265059552993831882e-02,-2.407856731985774379e-01,-2.516975990849824136e-04
-6.671005195479165484e-02,-7.398453892646114638e-02,-7.447805788841692365e-02,-2.082881274115898074e-01,-5.975053355129672332e-03
2.199082397089848623e-02,-9.246522390388269008e-02,-9.294680800553922762e-02,-2.251771444623458240e-01,-9.618117369478465864e-03
1.144137975665532880e-01,-1.517571082657400428e-01,-1.523622285071839499e-01,-2.627348025164094603e-01,-1.172609052344143928e-02
1.990797095721493215e-01,-2.541302644243609854e-01,-2.549674233545044522e-01,-2.864287505093226494e-01,-1.439667805533497054e-02
2.669500484952711528e-01,-4.133197115234182872e-01,-4.145161291861412245e-01,-3.036372762004317938e-01,-1.790384655159620378e-02
3.171935341166067790e-01,-6.914308884923702214e-01,-6.932749147178038918e-01,-3.696500082755829197e-01,-2.302368271925519030e-02
2.652970134941330937e-01,-9.368732802464836418e-01,-9.393297719742259577e-01,9.510209602954544650e-02,-6.966122253170407841e-02
-2.746279309865638438e-02,-5.027723451471864946e-01,-5.039362809453449277e-01,1.059477329891879371e+00,-9.821855253657919838e-02
-4.946152399265573152e-01,1.260113945484485631e+00,1.260589456225467364e+00,1.578008146981882076e+00,-2.096084068865494421e-01
-1.666676930556932612e-01,2.234767822196543463e+00,2.231998643431137630e+00,-2.334893984064391415e+00,2.189265295586213522e-01
1.060576422394046814e+00,3.898927440647907416e-01,4.547049943215601409e-01,-6.303230743516112788e+00,7.558246233576306761e-01
2.144396775560343915e+00,-3.718017513060171364e+00,-3.623633530708424200e+00,-6.057731858237800360e+00,6.706965297906447576e-01
1.234924735856188560e+00,-4.538306862932071084e+00,-4.547852382752214595e+00,-1.889216938516517397e+00,1.717147936706782674e-01
-3.365781551788573633e-01,-3.201024100156316443e+00,-3.195711847810015716e+00,1.038357523044821207e+00,-3.829641172868166743e-01
-1.553910855087823562e+00,-1.362145774599557102e+00,-1.370729215313003957e+00,1.504886427170962548e+00,-4.493618852767532479e-01
-1.913309944791451889e+00,-9.124060616650605526e-01,-9.136454266369179456e-01,4.638477109321573894e-02,-3.322388566308119850e-01
-1.854843779850213092e+00,-1.755632486968589756e+00,-1.766357720619482041e+00,-2.349338683223215707e+00,-1.837837780702973045e-01
-4.161241321926286152e-01,-3.586143467674749452e-01,-3.596699665717704719e-01,-1.850006119545187511e-01,2.018706443354843436e-02
-4.445008901037350579e-01,-2.618980100276849798e-01,-2.643688231402546163e-01,7.494081936079474149e-01,2.599638086126345587e-02
-5.283713455498847411e-01,2.077512298329537987e-01,2.049257138325469574e-01,1.862734064030644232e+00,3.396293392748223061e-02
-4.927845929806292657e-01,8.081803954574490190e-01,8.062842154384378679e-01,1.643173844029922392e+00,2.806372316035458253e-02
-2.440860284239731171e-01,1.256714882811253764e+00,1.255870156507700175e+00,1.009013213041069834e+00,1.075020621051065231e-02
1.711436553015685536e-01,1.540306160004991654e+00,1.539866366204901471e+00,5.633815930556029805e-01,-1.658166153199625015e-02
6.914952914308946097e-01,1.718265028145824713e+00,1.715988607435082747e+00,2.723118974058776898e-01,-5.081889546262498281e-02
1.282180657921404121e+00,1.812803311252458860e+00,1.809990769441974123e+00,-1.916578457790520454e-02,-6.472341170388312692e-02
1.925978883993995971e+00,1.797816691660301558e+00,1.795101450681491517e+00,-3.965618947859488319e-01,-7.005604761796750376e-04
-4.161241321926286152e-01,-3.586143467674749452e-01,-3.596699665717704719e-01,-1.850006119545187511e-01,8.481262379759296755e-02
-4.319422965888886079e-01,-3.048404803449271672e-01,-3.066853522745904836e-01,3.371815824066851652e-01,9.728016805927863775e-02
-4.784646127476597788e-01,-4.451762139209227559e-02,-4.642619197106594153e-02,9.773086381933444589e-01,1.034662278622803938e-01
-4.718547671585794356e-01,3.369102929750810160e-01,3.357254893210419033e-01,1.173229893355225206e+00,8.505267636412464083e-02
-3.574605079718026768e-01,7.443741695607052344e-01,7.440208368969439823e-01,1.185434306172000296e+00,8.484322523421822249e-02
-1.206083532337000053e-01,1.142516001531469483e+00,1.142739357181292492e+00,1.121108274445772324e+00,8.688595535771698186e-02
2.376697411906849300e-01,1.520225072931814969e+00,1.520838288153788964e+00,1.058737725756187631e+00,7.113965798445907873e-02
7.096146630732296234e-01,1.883795508298410804e+00,1.880124732905688045e+00,1.018711407588309248e+00,5.058970807097448036e-02
1.296084678041359739e+00,2.216261753563681491e+00,2.208602947783901538e+00,9.020401695980979628e-01,4.317732201676411502e-02
-4.161241321926286152e-01,-3.586143467674749452e-01,-3.596699665717704719e-01,-1.850006119545187511e-01,5.397956842252931006e-04
-4.196875654442039361e-01,-3.465368356138385231e-01,-3.477654395227133821e-01,-7.007273834366814502e-02,7.866909863579501366e-03
-4.276634377074478022e-01,-2.970485727332898840e-01,-2.982148334424049585e-01,8.721212826164110102e-03,2.623762892802043029e-02
-4.218542882419074602e-01,-2.410460616705262515e-01,-2.420138184413374305e-01,-4.767457627535441264e-04,4.254569853076118485e-02
-4.009691361650356556e-01,-1.808719375737841417e-01,-1.816486093215597675e-01,5.319315332502771998e-02,5.898368557646906790e-02
-3.694816359031624087e-01,-9.149475532544486256e-02,-9.196683683355008632e-02,1.930971673843453751e-01,7.830600539863985521e-02
-3.230703550711648275e-01,4.759524093842625037e-02,4.771629566338073114e-02,3.837166696523903187e-01,9.096514284864698485e-02
-2.494970846336115322e-01,2.479213657696628936e-01,2.489791822108455566e-01,6.015828684100031909e-01,8.005150836851256113e-02
-1.266974077344998895e-01,4.972810393730945355e-01,4.958886668150470634e-01,7.654371813887677067e-01,4.763669998151753848e-02
6.974697035173824111e-02,7.488028876946886125e-01,7.481219428316698838e-01,8.171700564134892764e-01,1.056631581531886077e-02
3.508957604184168022e-01,9.584092747338079921e-01,9.583504930813169231e-01,7.020903687942308125e-01,-4.320521893610469732e-02
7.203183545059711479e-01,1.056869493773103574e+00,1.057251629894983225e+00,4.103597973468965376e-01,-1.168940246902235441e-01
1.170959011120622950e+00,9.344755086723122162e-01,9.331793387536534423e-01,-1.077346047148822067e-01,-1.937014878918154603e-01
1.604915304246796071e+00,6.711273836126678827e-01,6.715986697423358409e-01,-2.873821001475966308e-01,-2.023088747567054480e-01
1.831209344697451336e+00,9.036468258738963311e-01,8.975263036860208210e-01,-4.055965012314411561e-02,-2.390410448923455944e-01
1.834460698142315493e+00,2.284521097482215435e+00,2.230581802283681636e+00,-1.265703586770608735e-01,-3.217197508895255909e-01
-4.161241321926286152e-01,-3.586143467674749452e-01,-3.596699665717704719e-01,-1.850006119545187511e-01,-1.127783170212459142e-02
-4.094467697051175081e-01,-3.793980348116871570e-01,-3.799646693698626732e-01,-4.933380669161422372e-01,-1.939477298986924322e-02
-3.635295758425657886e-01,-5.893788351162188022e-01,-5.895947795690504867e-01,-1.224383295733322718e+00,-6.990284698492607585e-02
-3.591181559364597375e-01,-9.155778547903034026e-01,-9.166648334158833400e-01,-1.253388095753624532e+00,-1.182405492732769847e-01
-4.580422101744703323e-01,-1.212664821958069572e+00,-1.214664565964632681e+00,-1.151750714714015800e+00,-9.458680862411723844e-02
-6.406435688751718205e-01,-1.517683579470455291e+00,-1.520371444111349168e+00,-1.300371675912756597e+00,-4.400342051351188721e-03
-9.030284314344261265e-01,-1.869093230213158430e+00,-1.872469556710125715e+00,-1.393830374147489781e+00,1.422860446340233342e-01
-1.278148162838748547e+00,-2.191356643262158066e+00,-2.191439578384571707e+00,-1.058470346905497017e+00,3.079222781169059231e-01
-1.787718874433507077e+00,-2.345723506821630888e+00,-2.346298469308718548e+00,-1.843998761202387537e-01,4.804772111674785462e-01
-2.412922697138865757e+00,-2.195381947372037068e+00,-2.195465617255557778e+00,1.189077260454731499e+00,6.601486655395456538e-01
-4.161241321926286152e-01,-3.586143467674749452e-01,-3.596699665717704719e-01,-1.850006119545187511e-01,-8.342446935548898657e-03
-4.386656731292160605e-01,-2.840527682846955559e-01,-2.864467931965626879e-01,6.791193555471017884e-01,3.027403723734725660e-02
-5.750338344101147969e-01,3.415820321211713861e-01,3.365041457359390087e-01,3.350518417100859736e+00,1.384531859889747418e-01
-6.798543438179014409e-01,1.695265618316424083e+00,1.699328734178889189e+00,5.020272319849388154e+00,-2.755569516393568952e-02
-3.973650396157087372e-01,3.187323898142192302e+00,3.168880176058627374e+00,4.357344893016418474e+00,-3.796687901151827305e-01
-4.161241321926286152e-01,-3.586143467674749452e-01,-3.596699665717704719e-01,-1.850006119545187511e-01,-4.916573519762083844e-02
-3.830047207806155374e-01,-4.706296258935750432e-01,-4.699530632777900729e-01,-1.319511785950391092e+00,-1.905081640430277279e-01
-2.639751694280361161e-01,-1.096181723809903641e+00,-1.094102642135281522e+00,-3.134139622312877460e+00,-3.209158082318220861e-01
-2.631282293515483373e-01,-2.068103835038340499e+00,-2.076052070082460066e+00,-3.614863989606852623e+00,2.069155104620009900e-01
-5.363103004894437253e-01,-3.106985398135404086e+00,-3.094932379837697312e+00,-3.761812628010123394e+00,7.764757516213524058e-01
-1.119489156273505204e+00,-4.140617405747798685e+00,-4.117123056311048579e+00,-3.397064360029507846e+00,9.978511530163231003e-01
-2.069852638959138513e+00,-4.902181862157935832e+00,-4.853844625995174411e+00,-1.911064299341492356e+00,9.997486469758010141e-01
-4.161241321926286152e-01,-3.586143467674749452e-01,-3.596699665717704719e-01,-1.850006119545187511e-01,-3.462735458376284964e-02
-4.419113762877123763e-01,-2.726716445843644920e-01,-2.752024439386009380e-01,7.714083595157883444e-01,1.441079700018944691e-02
-5.807927861801112090e-01,3.797808980041949556e-01,3.744721310160637473e-01,3.470999020768763099e+00,1.402354271757609572e-01
-6.992497919847912025e-01,1.831364910279497771e+00,1.833829430601547461e+00,5.611731654634962041e+00,1.237522423384355974e-01
-4.161241321926286152e-01,-3.586143467674749452e-01,-3.596699665717704719e-01,-1.850006119545187511e-01,4.833214640483952246e-02
-4.038878401176116961e-01,-4.010041776412647807e-01,-4.015219857744635745e-01,-5.480686976079053307e-01,5.788847448564499870e-02
-3.863072869885167404e-01,-5.348612200802996819e-01,-5.357638668724842290e-01,-6.022857652774935566e-01,1.129477142459479333e-01
-4.275895034959786289e-01,-5.979667103536249195e-01,-5.995694567135690933e-01,-1.353188318524108369e-01,1.443656317101203179e-01
-5.261508565245353042e-01,-4.916271523768538376e-01,-4.932126157065961358e-01,4.976733989538408842e-01,9.760726720754032970e-02
-6.332669385739783108e-01,-2.027161059444911873e-01,-2.033040731939397827e-01,1.041954803819134856e+00,-4.526485373032046455e-02
-6.763540174645613634e-01,1.943406390205372480e-01,1.951131565208190366e-01,1.178028085228129074e+00,-2.552353379690590063e-01
-5.856083462335545109e-01,5.371039396275948397e-01,5.384397948551714608e-01,6.341485870216515552e-01,-4.258063963004983243e-01
-3.238585248879441991e-01,5.922677071980625430e-01,5.935090452707542097e-01,-7.220989618864334103e-01,-4.323543806353424834e-01
7.930656591503690289e-02,1.038548574750888243e-01,1.042001756878973701e-01,-2.740635347514879694e+00,-2.036034364736656332e-01
4.745744896200477791e-01,-1.004946928998827094e+00,-1.007534276453845967e+00,-4.467977852108130143e+00,3.395867608303223539e-01
6.151482515702640930e-01,-2.486984872459312435e+00,-2.481613104680174153e+00,-4.743912988162997557e+00,9.434132993514444676e-01
3.004169025933558501e-01,-3.923708019132789104e+00,-3.901227069572174688e+00,-3.515899301764535245e+00,9.851575379991612813e-01
-5.694652487424732845e-01,-4.808849225576873110e+00,-4.767419358606279189e+00,-9.858602253806248994e-01,9.904740871165450544e-01
-4.161241321926286152e-01,-3.586143467674749452e-01,-3.596699665717704719e-01,-1.850006119545187511e-01,-1.272112325948475675e-01
-4.378603098656823622e-01,-2.867783923692526771e-01,-2.891159102605131981e-01,6.432806152396187693e-01,-2.024546209566343291e-01
-5.486741334252173141e-01,2.452712082832142204e-01,2.414745272764079742e-01,2.535502396878082987e+00,-5.581635092278819377e-01
-5.757397094742428001e-01,1.159553516223039704e+00,1.154303100819932038e+00,2.905021104553893618e+00,-9.169748331933345042e-01
-2.809782573591506627e-01,1.896213632662556270e+00,1.891316937809703891e+00,1.426304936285623270e+00,-9.753411779072059806e-01
3.719202395746399326e-01,2.018798788830982627e+00,2.016440741964252048e+00,-1.143180834279891256e+00,-7.072621921338765327e-01
1.254302489349790051e+00,1.279504127400393321e+00,1.281715467185726931e+00,-4.287660206420805586e+00,3.896756371587665746e-01
2.115788484997437102e+00,-3.528282660257441306e-01,-3.445334966198058124e-01,-6.943791398793842440e+00,9.747622314226288553e-01
2.616986348983974864e+00,-2.578166268188901711e+00,-2.580914541781667459e+00,-8.020357046781006360e+00,9.891220090283764366e-01
-4.161241321926286152e-01,-3.586143467674749452e-01,-3.596699665717704719e-01,-1.850006119545187511e-01,1.534004729853377380e-01
-4.403742523057050384e-01,-2.754368795042650975e-01,-2.776502266359517912e-01,5.851094539261487704e-01,-7.255073599381890725e-02
-5.054532090983882009e-01,9.956005133529474693e-02,9.720894909298880004e-02,1.459471231181264539e+00,-3.852725291454153211e-01
-4.735938169939837294e-01,5.753781337572670962e-01,5.743246303906024419e-01,1.131042035925353018e+00,-3.187204605809692004e-01
-2.269359293447434645e-01,7.550648079083986941e-01,7.556532960367604579e-01,-4.757897151188615337e-01,2.271352568709228414e-01
1.955410018939982286e-01,3.861441340175948977e-01,3.840290325348509337e-01,-2.309389283377056401e+00,7.558783193361412467e-01
5.838890122485503875e-01,-3.622468347284522605e-01,-3.591975869868834215e-01,-2.802823613073408993e+00,9.124582696920521263e-01
7.148232153915552445e-01,-9.982062072824808840e-01,-9.988277564900970296e-01,-1.608411760376311062e+00,8.499756184762032873e-01
5.424867857820583339e-01,-1.135495555568140524e+00,-1.138178305117329536e+00,5.015334454258713048e-01,4.418621773553038090e-01
1.772339420595443471e-01,-6.008467521008651335e-01,-5.997627223039425637e-01,3.153881544245667357e+00,-5.255535901948266142e-01
-1.878130744455741574e-01,6.627638034248627408e-01,6.668859771550409432e-01,5.240882749252324224e+00,-8.982879223315590744e-01
-2.207884156496412176e-01,2.191335609691308584e+00,2.180120157158798477e+00,5.166647733887611338e+00,-2.242806517694520829e-01
3.059513804951367599e-01,3.297496617209382030e+00,3.269519516671199888e+00,3.245270547424024876e+00,6.299362342344304588e-01
1.286382210811746640e+00,3.758370308999604781e+00,3.721553744145089659e+00,1.236051199661464928e+00,9.803985717279395384e-01
-4.161241321926286152e-01,-3.586143467674749452e-01,-3.596699665717704719e-01,-1.850006119545187511e-01,-4.350767305792367368e-01
-4.486683732144115533e-01,-2.484355629744268157e-01,-2.511831082242093061e-01,9.242566556962866775e-01,-8.144519249847996800e-01
-5.635061641337567595e-01,3.585710237610976736e-01,3.545784355476914174e-01,2.646102301098091303e+00,-9.828598699889187218e-01
-5.460372567856454085e-01,1.237594138361910900e+00,1.232751646840787751e+00,2.559356653721390540e+00,-8.439696519877302183e-01
-1.930320892724596005e-01,1.823119610022981396e+00,1.819804898716657959e+00,7.783245041523236818e-01,-3.058358600001037098e-01
4.865255458713277914e-01,1.730518137065696571e+00,1.730379997857659502e+00,-1.860991358608924173e+00,8.045493494487605535e-01
1.290389218283703565e+00,9.245977804923931620e-01,9.280724166406698616e-01,-3.677024949579938973e+00,9.921349056261897781e-01
1.901873881902909735e+00,-1.395026184192794394e-01,-1.439249261450772643e-01,-3.541369358116944976e+00,9.984685475814043532e-01
2.130819044642328741e+00,-9.331373135169994670e-01,-9.316115619377867141e-01,-1.913777404023109696e+00,9.877579920384792489e-01
1.995257384606026196e+00,-1.157263196320877929e+00,-1.160899790254113162e+00,4.014688929849987153e-01,7.533042465935410048e-01
1.635113480935166175e+00,-6.746108786003439661e-01,-6.809276076731566318e-01,3.058293873429871024e+00,-3.445289836874265710e-01
1.262642168292900324e+00,5.197878231558344941e-01,5.073990923269847686e-01,5.359602376390037115e+00,-9.030517972536135085e-01
1.155427648827920040e+00,2.157585401088793819e+00,2.133880825458965624e+00,6.677732216210566563e+00,-6.356943990733091576e-01
-4.161241321926286152e-01,-3.586143467674749452e-01,-3.596699665717704719e-01,-1.850006119545187511e-01,-3.130121701154154473e-02
-3.941339647399436097e-01,-4.345904240365924820e-01,-4.346470710577844399e-01,-8.549777552533737168e-01,3.054644225000741620e-01
-3.499329520769024482e-01,-7.208445503376634811e-01,-7.212230870406507455e-01,-1.272652853596684563e+00,4.595870095234680375e-01
-4.110195962064939201e-01,-9.534797607204931191e-01,-9.554366125196961379e-01,-4.419068180757944608e-01,2.439695989079729288e-02
-6.403290452876112537e-01,-7.710411505360919016e-01,-7.732531122933263834e-01,1.462005173622246801e+00,-7.844141655253735745e-01
-9.374461685600790073e-01,-2.636273091278355102e-02,-2.564015504789738178e-02,2.930570275015149662e+00,-9.909988683331850678e-01
-1.035265543696892498e+00,8.743189101597799162e-01,8.756549865681764189e-01,2.443855862897151177e+00,-8.914296998166891806e-01
-7.724986664407964554e-01,1.391513963450131230e+00,1.391746806205514053e+00,4.581164175310725173e-01,-6.817675898258241940e-01
-1.877247510469430003e-01,1.168079936265078667e+00,1.167830234555609970e+00,-2.425104122315874910e+00,4.909887105031292970e-02
5.433616066252829890e-01,-3.506407414568307214e-03,1.426175413704276577e-03,-5.535018178087400820e+00,9.745755289031142743e-01
1.093302024347934553e+00,-1.960984697976806412e+00,-1.948878838171256955e+00,-7.148525829002722709e+00,8.908908608633562265e-01
-4.161241321926286152e-01,-3.586143467674749452e-01,-3.596699665717704719e-01,-1.850006119545187511e-01,6.132829276277716735e-02
-4.416021380075513814e-01,-2.714527512369427353e-01,-2.737449957091441233e-01,6.353065160785413834e-01,-4.095380572441582601e-01
-5.084511715374949725e-01,1.190574375659150669e-01,1.167643011123627034e-01,1.432240918562682985e+00,-7.338582937612547763e-01
-4.519557530827250091e-01,5.246177591424043829e-01,5.241379056491515254e-01,6.442904975774917942e-01,-5.442352564229190337e-01
-1.668618833157990700e-01,4.810061865976706930e-01,4.815462441186413312e-01,-1.525302588868137743e+00,1.093418505059023105e-01
2.775665883044050042e-01,-3.210917905505403791e-01,-3.260937003201389572e-01,-4.237000369566326974e+00,9.969940864986149842e-01
6.157733691729413428e-01,-1.760283784609100399e+00,-1.765613708485172850e+00,-5.460318091727728529e+00,9.999477998072272555e-01
5.194338630222490316e-01,-3.230983077233633871e+00,-3.222042181991168430e+00,-4.510940123936867607e+00,9.999442356668596377e-01
-1.202380354523891748e-01,-4.227005599830262916e+00,-4.198219129457535281e+00,-2.351868323223832213e+00,8.372282556382552032e-01
-1.198228603584219565e+00,-4.537574462186868551e+00,-4.504375018377828610e+00,2.199025495296340615e-01,1.524874840177253554e-01
-4.161241321926286152e-01,-3.586143467674749452e-01,-3.596699665717704719e-01,-1.850006119545187511e-01,5.319990141401514244e-02
-4.117734456948493604e-01,-3.753471014441205900e-01,-3.763348238535699219e-01,-2.449242399335681830e-01,8.678253849532747977e-02
-4.238947428845193377e-01,-3.531868760439950128e-01,-3.545461862492950700e-01,6.768995046477438438e-02,-9.552618335679199935e-02
-4.543724968895899718e-01,-2.205116649934123763e-01,-2.218103849783533421e-01,4.207602624882494924e-01,-2.938138495849184073e-01
-4.457847381702590428e-01,-6.523069573789359865e-02,-6.579289535482787943e-02,8.930680101697177631e-02,-1.339039922194546206e-01
-3.316576542170099340e-01,-1.498142523262760151e-01,-1.505366075583884911e-01,-1.135243598469092730e+00,4.784040353527956313e-01
-1.684226266622306234e-01,-5.815209618256258484e-01,-5.842439314760506930e-01,-1.972152231901570074e+00,7.770281841465155326e-01
-1.294619856087198539e-01,-1.071022681669532961e+00,-1.074766329452689906e+00,-1.448323647934362857e+00,4.870175386246565208e-01
-3.147317649175073173e-01,-1.232455013938011046e+00,-1.235764204489410600e+00,2.343189918910149605e-01,-5.253745727553921913e-02
-6.815634519973903238e-01,-8.106991801204197490e-01,-8.136128017121716516e-01,2.587103210956053001e+00,-9.226306202732312833e-01
-1.042182614884117564e+00,1.789308952504919392e-01,1.806598961142923399e-01,3.887435590987667222e+00,-9.712663937206833520e-01
-1.097738638535494138e+00,1.183854574736606269e+00,1.185614355199563485e+00,3.040309957763515758e+00,-9.958086692992343947e-01
-7.123813046722028419e-01,1.592841722442698060e+00,1.593671022024414574e+00,7.110970227998889559e-01,-8.599995732185897745e-01
-4.457049147516880389e-02,1.232554679403141229e+00,1.231902313525188308e+00,-1.942336908521466787e+00,-4.955610716696833284e-01
5.689730881011121344e-01,5.559187396262629255e-01,5.368673009926052675e-01,-4.253858541789462322e+00,4.303390003616804904e-01
8.151755066477952560e-01,4.712583731284544775e-01,3.717907346735835339e-01,-5.266841698330275712e+00,6.779023915902211428e-01
1.308020279126339780e+00,-4.802706887266371405e-01,-5.133053815144493770e-01,-7.726570621066496614e+00,9.828289390573112794e-01
-4.161241321926286152e-01,-3.586143467674749452e-01,-3.596699665717704719e-01,-1.850006119545187511e-01,-4.174741403509260596e-01
-4.415493163594672033e-01,-2.716791076941032501e-01,-2.739732276594233351e-01,6.361210823933736158e-01,-7.524341777290954880e-01
-5.091829579082461921e-01,1.215003268809780185e-01,1.191858415647704394e-01,1.449545998024626137e+00,-8.336521811511998781e-01
-4.533177120464583765e-01,5.330601240233681093e-01,5.325593747402309619e-01,6.648874390611205776e-01,-3.686991404303907593e-01
-1.683765080129595026e-01,4.993642738976827311e-01,4.999132493295528890e-01,-1.419692126949164024e+00,5.160285381625736578e-01
2.476107962771393889e-01,-1.755219437174087571e-01,-1.794199319059029130e-01,-3.364169124925343812e+00,9.716886485736532242e-01
5.353295244145881426e-01,-1.220129192040386723e+00,-1.226903693614638469e+00,-3.728261583622599407e+00,9.009948000627840958e-01
4.685624192208168171e-01,-2.109908520524692133e+00,-2.114231959818851259e+00,-2.397475962463027077e+00,6.667533182591394159e-01
1.770085137726235686e-02,-2.467169651611579972e+00,-2.467133304872935806e+00,-1.935120829290755406e-01,8.003121777993138508e-02
-6.934543838640025992e-01,-2.131416922947808601e+00,-2.134321374400274696e+00,2.506471112858601025e+00,-5.183710355229146360e-01
-1.464407926877663302e+00,-1.060406678323001728e+00,-1.065296145450316923e+00,4.532277713923549278e+00,-8.228795547651419628e-01
-1.950788566610107466e+00,2.239681311750992554e-01,2.292307498351834616e-01,4.213480723498571834e+00,-9.994978643428464871e-01
-1.936210957232955776e+00,1.025416475259912863e+00,1.032623956284387079e+00,2.122090897634590245e+00,-9.288215489512695600e-01
-1.531627536781605903e+00,1.102345062101687256e+00,1.102480893984723709e+00,-3.669523859986756897e-01,-6.307120361599276581e-01
-1.052307359012573995e+00,8.712508391870890101e-01,8.741269849490806987e-01,-2.738787374767797544e+00,4.654580427885793986e-02
-7.566700791837630558e-01,1.086378558021601437e+00,1.107788340660132320e+00,-4.315584727646321284e+00,-5.825408775209086482e-02
-1.171501412290177624e-01,4.193694466640617846e-01,4.135452915917517402e-01,-7.775475808224986629e+00,8.515871068611113870e-01
-4.161241321926286152e-01,-3.586143467674749452e-01,-3.596699665717704719e-01,-1.850006119545187511e-01,4.484570911888218631e-02
-4.361437432034447337e-01,-2.891717693774341069e-01,-2.911133159465921216e-01,4.119183491303388123e-01,-3.492420727613850251e-01
-4.742248102208208027e-01,-3.743205293799221900e-02,-3.906593224822982324e-02,7.762498021442697516e-01,-4.735155944047977350e-01
-4.195075878590660556e-01,1.672586031535599205e-01,1.670628751861749084e-01,4.625799410978077841e-03,2.951825170149127014e-02
-2.058280573489506271e-01,-3.624835773108333464e-02,-3.625000160600042043e-02,-1.889538819968095362e+00,8.462543017162343917e-01
6.427043015975963947e-02,-7.822020815184630438e-01,-7.848013258820607518e-01,-3.250644582826754725e+00,9.989245961087543924e-01
1.292818080035165462e-01,-1.658027760531737727e+00,-1.661078609621415403e+00,-2.708978107990168471e+00,9.059188319947364398e-01
-1.575225959970518452e-01,-2.151944081428576627e+00,-2.154102513364197335e+00,-8.129551171184353775e-01,5.972375248795182001e-01
-7.337024183518450204e-01,-2.002601768192491249e+00,-2.004201178257852156e+00,1.627876063174834131e+00,1.829654718902664068e-01
-1.433830141898383204e+00,-1.105388243401177917e+00,-1.109278428381718751e+00,4.347118174776819721e+00,-9.647444249126629900e-01
-2.000038603368190060e+00,4.206735661698541850e-01,4.259226139691029145e-01,5.697689248450723554e+00,-9.718463680656850290e-01
-2.098355800174330987e+00,1.949939278745221216e+00,1.948607192935857713e+00,4.745181072620032303e+00,-9.315046148542227566e-01
-1.594676316251220305e+00,2.853058005694100174e+00,2.846077510108155018e+00,2.332111533614133592e+00,-9.459246026271265206e-01
-6.642362863109173565e-01,2.972638418889589129e+00,2.956604660660485440e+00,-3.066676687610765950e-01,-5.915775679584975855e-01
3.588344884448522731e-01,2.738652539937303843e+00,2.722085680872407210e+00,-2.745713481278630130e+00,-7.839034418827244000e-02
1.176607331400534084e+00,2.937302560222229797e+00,2.819848312245475164e+00,-4.308051276402133034e+00,4.184318128224943228e-02
-4.161241321926286152e-01,-3.586143467674749452e-01,-3.596699665717704719e-01,-1.850006119545187511e-01,2.823223025226425653e-01
-4.270924923580062815e-01,-3.195083034567620106e-01,-3.209808892993263885e-01,1.042221983228713705e-01,3.495971850514022483e-01
-4.480299982148452376e-01,-1.855846202920966859e-01,-1.871486178696919744e-01,5.084201124654847970e-01,3.366659701109185887e-01
-4.830104701825009839e-01,1.656066125048541726e-01,1.637922715806896523e-01,1.619407896116384693e+00,3.164473763792330363e-01
-4.995912565326267596e-01,8.958801064481809462e-01,8.933231407198833907e-01,2.895195512120481318e+00,-1.892204974786884653e-01
-3.644256158099200005e-01,1.933367255412373309e+00,1.925197206004769734e+00,3.617543221923677166e+00,-8.864810523799286912e-01
6.934619404533601261e-02,3.039722409086636379e+00,3.020734970024798738e+00,3.230762645147763124e+00,-7.625699465397577370e-01
9.026224358804635362e-01,3.835466987606882761e+00,3.799692163427992320e+00,1.551206341376442532e+00,-4.679124361615179251e-02
-4.161241321926286152e-01,-3.586143467674749452e-01,-3.596699665717704719e-01,-1.850006119545187511e-01,-2.951597813489270986e-02
-4.014632465699620179e-01,-4.066669542382007063e-01,-4.068335368709784516e-01,-7.578738836999733275e-01,4.897451884929455712e-01
-3.269696034720665501e-01,-7.661306582445509550e-01,-7.656542726587626246e-01,-1.958544027647944441e+00,9.668743972928199870e-01
-3.263524029344137545e-01,-1.315172523954008188e+00,-1.315792153045438173e+00,-1.819998112335936558e+00,7.220174901120862687e-01
-5.573743125792741671e-01,-1.594903537190971665e+00,-1.597448747150415738e+00,-2.321882062258910917e-01,-5.117613762891114471e-01
-1.010165404334074202e+00,-1.270665767479969510e+00,-1.270379307440467676e+00,2.204440608539835811e+00,-9.927593608009640525e-01
-1.519411350564868979e+00,-2.437583989548961494e-01,-2.500427720035682255e-01,4.061403769144071418e+00,-7.835325839665266967e-01
-1.762296670858858771e+00,1.019237241188061915e+00,1.013433731741814725e+00,3.724221452055558323e+00,-9.502568902042553001e-01
-1.538216382124455883e+00,1.909823171957770738e+00,1.904396551811891047e+00,1.760203904490663884e+00,-5.205345908678611355e-01
-8.834916350692243459e-01,2.053506171488894694e+00,2.050401759291186288e+00,-1.027068417969562608e+00,-2.650405798247539857e-01
1.267418189671881863e-02,1.294316841881950841e+00,1.295879115947880633e+00,-3.890355633626557008e+00,4.703430161664322595e-01
8.307635594189096695e-01,-1.621117260193935539e-01,-1.537547123508959390e-01,-5.104700911932422258e+00,9.999685358653840339e-01
1.242145377413311547e+00,-1.772139939172939327e+00,-1.760649818592553428e+00,-4.309876346123646229e+00,9.931594415373464768e-01
1.058825834215393780e+00,-2.929424161036680019e+00,-2.923763654378462196e+00,-1.908022573308767678e+00,8.560911659382751671e-01
2.241887357144475568e-01,-2.763745585024704798e+00,-2.758389209658539620e+00,1.533368254348015158e+00,9.944111222583913445e-01
-1.052089133546844080e+00,-4.530878025941970089e-01,-4.751540982255944567e-01,5.644719578423551987e+00,-3.895589383378526560e-01
-1.683763414939855929e+00,2.499020127070244346e+00,2.485122494942049176e+00,6.091405784408006951e+00,-4.683804240675745745e-01
-9.921757809234276193e-01,3.471556972014417042e+00,3.470980343091652376e+00,4.444000345329854440e+00,-4.932398376696578990e-01
3.282408863169497537e-01,2.644303426505125731e+00,2.607208191135758302e+00,3.403087979809192642e+00,-9.422191128248550429e-01
-4.161241321926286152e-01,-3.586143467674749452e-01,-3.596699665717704719e-01,-1.850006119545187511e-01,7.829092448952795769e-02
-3.851507156727893011e-01,-4.635528722108389621e-01,-4.630068916589371586e-01,-1.236272461218111518e+00,3.636038631847263169e-01
-2.786975190311911654e-01,-1.030807150921534410e+00,-1.029262970684950096e+00,-2.808244734814290933e+00,6.886531110997767824e-01
-2.993310662971371272e-01,-1.837112697005308437e+00,-1.835410856665323998e+00,-2.665397110296154004e+00,8.260477095620446519e-01
-6.325602574076824025e-01,-2.352449272695894322e+00,-2.352524595868206170e+00,-9.722636336436246696e-01,7.739078526506885103e-01
-1.257601345084291999e+00,-2.248867699965290790e+00,-2.252285224046294942e+00,1.411128829181813593e+00,6.345345991766253302e-02
-2.023675683364561717e+00,-1.380206294853983051e+00,-1.390094437228136970e+00,4.103775679447938529e+00,-4.734654786553075811e-01
-2.696933101381223441e+00,2.349488485418030903e-01,2.319507825090982300e-01,6.188558214664877433e+00,-4.711927096291549932e-01
-2.946161611808605585e+00,2.166290130220935417e+00,2.170304643635157404e+00,6.147482627692342660e+00,-9.138755917361619519e-01
-4.161241321926286152e-01,-3.586143467674749452e-01,-3.596699665717704719e-01,-1.850006119545187511e-01,5.703975219582398115e-02
-3.836125938685236991e-01,-4.689690325327191545e-01,-4.683604879187222569e-01,-1.278481208675721792e+00,2.100286397726038312e-01
-2.754673304084302443e-01,-1.050955468743017818e+00,-1.049335556765153221e+00,-2.854569358216606734e+00,5.351484662909569145e-01
-3.002350092370242862e-01,-1.866515197002696302e+00,-1.864678927695903488e+00,-2.680003796401638994e+00,6.463109159493696243e-01
-6.421513145199464478e-01,-2.382386113398119232e+00,-2.382324820991567282e+00,-9.634315769897578985e-01,5.274265497788374057e-01
-1.278542265435966163e+00,-2.269277823526660853e+00,-2.272542929532848532e+00,1.480603498334757351e+00,-1.831845376339467368e-01
-2.050977173775146323e+00,-1.394069197879160837e+00,-1.403138638669900962e+00,4.003368800791490045e+00,-5.262134255412521666e-01
-2.683238792652463012e+00,5.329136010950037000e-02,5.209809008189111856e-02,5.021015111427198363e+00,-6.143410562234484784e-01
-2.866128950883030324e+00,1.470952645810547521e+00,1.467037849965036056e+00,3.928179199853482739e+00,-6.715112877273871073e-01
-2.499662724114510848e+00,2.330723026867353997e+00,2.324784276494295199e+00,1.602487292529121587e+00,-2.733517254179510664e-02
-1.698613330179992831e+00,2.371838764491006835e+00,2.362870630513098646e+00,-1.259795732126304912e+00,1.682402275318536089e-01
-7.160892996409055078e-01,1.611306926047692212e+00,1.609222601665683205e+00,-3.124391983237200243e+00,4.427627365005771254e-01
1.105429220862969991e-01,4.991798145831149447e-01,5.005290333793530611e-01,-2.945084002792732303e+00,4.962298924066519401e-01
5.245225985986541328e-01,-3.178922531881928637e-01,-3.186178591330935395e-01,-9.242228197971060766e-01,5.827975095061461719e-01
4.020355632989690564e-01,9.191196858515167378e-02,1.001944419438946521e-01,2.404937923909174380e+00,-1.298929758201727569e-01
-4.161241321926286152e-01,-3.586143467674749452e-01,-3.596699665717704719e-01,-1.850006119545187511e-01,1.793438849669382606e-01
-3.989978856589364020e-01,-4.187056076119457515e-01,-4.190675683896632475e-01,-6.596427862830385180e-01,1.792617655947908728e-01
-3.867837978781844543e-01,-5.604696141442633284e-01,-5.616178063981180912e-01,-4.491872068408333529e-01,2.648742607646221159e-01
-4.685673978388762984e-01,-4.940275384147135296e-01,-4.960473048039153454e-01,6.042087815659180627e-01,2.355913526582797124e-01
-6.077698040936247992e-01,-8.393661964249313212e-02,-8.522995919622572414e-02,1.769929105770710054e+00,6.735728625473319520e-02
-6.864393317186494592e-01,6.139550621186775636e-01,6.136206031345232681e-01,2.457674684771764095e+00,-1.036114513263765302e-01
-5.685227148513182227e-01,1.384614042025329450e+00,1.383803706789839438e+00,2.184942836899215202e+00,-2.835562191972816337e-01
-1.671503288401547938e-01,1.927872490842413411e+00,1.925979991423543369e+00,9.618591508878858720e-01,-4.754509025683599233e-01
5.026592002469122411e-01,1.996312057821995056e+00,1.991852078331646236e+00,-9.100752215719242200e-01,-4.951289469794258880e-01
1.338240033448121924e+00,1.414703509409422466e+00,1.420742844202558031e+00,-3.180720176700226443e+00,2.188902864721490871e-01
